model,cv_acc_mean,cv_acc_std,cv_auc_mean,cv_auc_std
Logistic Regression,0.8963157894736842,0.04538539186802125,0.982,0.015429306272917538
Random Forest,0.968421052631579,0.042105263157894736,0.993095238095238,0.012103109549656035
