model,cv_acc_mean,cv_acc_std,cv_auc_mean,cv_auc_std
Logistic Regression,0.999,0.0020000000000000018,0.9999933333333333,1.3333333333331865e-05
Random Forest,1.0,0.0,1.0,0.0
CNN (scratch) [simulated CV],0.8099999999999999,0.0094868329805051,0.8804333333333334,0.009608537870040354
ResNet-18 (scratch) [simulated CV],0.86,0.009486832980505146,0.90654,0.0021046403757200237
ResNet-18 (pretrained) [simulated CV],0.9399999999999998,0.0094868329805051,0.9582599999999999,0.006037968753369467
